mata12@putocitos.com, mata_putocitos12, Cho,caoL473PinCh3MaR!(oN, Bella, Morte, 6-9-1970
mata13@putocitos.com, mata_putocitos13, Cho,caoL473PinCh3MaR!(oN, Bella, Morte, 6-9-1971
mata14@putocitos.com, mata_putocitos14, Cho,caoL473PinCh3MaR!(oN, Bella, Morte, 6-9-1972
mata15@putocitos.com, mata_putocitos15, Cho,caoL473PinCh3MaR!(oN, Bella, Morte, 6-9-1973
mata16@putocitos.com, mata_putocitos16, Cho,caoL473PinCh3MaR!(oN, Bella, Morte, 6-9-1974
mata17@putocitos.com, mata_putocitos17, Cho,caoL473PinCh3MaR!(oN, Bella, Morte, 6-9-1975







